qid,question_text,target
00002165364db923c7e6,How did Quebec nationalists see their province as a nation in the 1960s?,0
000032939017120e6e44,"Do you have an adopted dog, how would you encourage people to adopt and not shop?",0
0000412ca6e4628ce2cf,Why does velocity affect time? Does velocity affect space geometry?,0
000042bf85aa498cd78e,How did Otto von Guericke used the Magdeburg hemispheres?,0
0000455dfa3e01eae3af,Can I convert montra helicon D to a mountain bike by just changing the tyres?,0
00004f9a462a357c33be,"Is Gaza slowly becoming Auschwitz, Dachau or Treblinka for Palestinians?",0
00005059a06ee19e11ad,"Why does Quora automatically ban conservative opinions when reported, but does not do the same for liberal views?",0
0000559f875832745e2e,Is it crazy if I wash or wipe my groceries off? Germs are everywhere.,0
00005bd3426b2d0c8305,"Is there such a thing as dressing moderately, and if so, how is that different than dressing modestly?",0
00006e6928c5df60eacb,"Is it just me or have you ever been in this phase wherein you became ignorant to the people you once loved, completely disregarding their feelings/lives so you get to have something go your way and feel temporarily at ease. How did things change?",0
000075f67dd595c3deb5,What can you say about feminism?,0
000076f3b42776c692de,How were the Calgary Flames founded?,0
000089792b3fc8026741,"What is the dumbest, yet possibly true explanation for Trump being elected?",0
000092a90bcfbfe8cd88,Can we use our external hard disk as a OS as well as for data storage.will the data be affected?,0
000095680e41a9a6f6e3,"I am 30, living at home and have no boyfriend. I would love a boyfriend and my own home. How can I progress my situation?",0
0000a89942e3143e333a,What do you know about Bram Fischer and the Rivonia Trial?,0
0000b8e1279eaa0a7062,How difficult is it to find a good instructor to take a class near you?,0
0000bc0f62500f55959f,Have you licked the skin of a corpse?,0
0000ce6c31f14d3e09ec,Do you think Amazon will adopt an in house approach to manufacturing similar to the Tesla or Space X business models?,0
0000d329332845b8a7fa,How many baronies might exist within a county palatine?,0
0000dd973dfd35508c16,How I know whether a girl had done sex before sex with me?,0
0000e4d455f9c8877dc9,How do I become a fast learner both in my professional career and in my personal life?,0
0000e91571b60c2fb487,Has the United States become the largest dictatorship in the world?,1
000101ac65db6e4a1c13,"What is the strangest phenomenon you know of, have witnessed or have generated in the area of electronics that has no explanation in terms of modern physics?",0
00010632971fe5e3e0e2,Should I leave my friends and find new ones?,0
00010a2e064c3e8f152a,Can you make Amazon Alexa trigger events in the browser?,0
00012011b6c7759461e8,Why haven't two democracies never ever went for a full fledged war? What stops them?,0
00012fd5128d576260ab,How can I top CBSE in 6 months?,0
0001303b1799a042b26b,What should I know before visiting Mcleodganj and doing the Triund trek?,0
00013a8152b5f37b780e,How do modern military submarines reduce noise to achieve stealth?,0
00013ceca3f624b09f42,Which babies are more sweeter to their parents? Dark skin babies or light skin babies?,1
00014b4f153c26b02df2,How can I remove black heads which are all over my nose?,0
00017146167b4072ae5f,"If lightsabers are created by individual wielders, does each saber have unique powers/abilities?",0
00017aad73813a93e79d,Is anyone still using Visual Basic? Is it worth learning in 2018? Would there be professional jobs for Visual Basic programmers in 2018-19-20?,0
00017b03f780a558fb23,What is Sykes Enterprises all about?,0
0001919a5af9610c95c9,Is there any clear relations between the number of nodes/DOFs and the computational performances and requirements in FEA or CFD analyses (for ANSYS solutions in particular)?,0
00019e410e5002f1dc8d,"Why my package still is ISC since May 31,2017 and I don't have updated?",0
00019e6de5c31a235308,What does great wit mean?,0
0001acfd80069f051d5a,"In your experience working with Realtors, what do you wish Realtors did better?",0
0001ad0e065679a75450,How do I get charge by contact?,0
0001b135fa7979a6f1f1,Do all public school teachers automatically get vacation whenever they ask for it?,0
0001b70b617623c8ec11,What is the role of technology in using a resource?,0
0001b85e3c9fa5120e8d,Should I opt Jaypee University Guna for mechanical engineering?,0
0001d772cf3019016119,Where can I download Microsoft Word for Windows 2.0 in Hungarian?,0
0001dffd4f210f6beedb,What do I need to know about buying a car in South Africa as an American?,0
0001eebc552c65f7cec2,"As someone who didn't enjoy Harry Potter and the Order of the Phoenix movie, can I at least enjoy the book of it?",0
0001f0071f939299b1eb,"What is the writing style of the book ""How to Resist Prince Charming"" by Linda Kage?",0
00020645f451fd420349,My mother expects me to memorize all her usernames and passwords. How can I make her more responsible about them as I will be going to college in one year?,0
000209378782897bbd75,"What is that movie in which a kid is fooled into thinking that germs will kill him and so he lives in a bubble for most of his life, but then decides to travel the world in a portable germ-free bubble?",0
00021a90cbe0ce61b32a,"Why most of the computer science student buy final year project from outside rather doing it by own, is our education system really that week?",0
00021d9215546ed1218e,"What are some ways to shorten your period, and what are the risks of doing it?",0
00022b535fb044b4d890,Why do we calead leap year.?,0
000249b78b87885aae04,How many days will it take to get rid of spleen enlargement?,0
00025639893f22884858,"Which machine learning techniques can be used to extract metadata (font color, size, indentation and alignment) of a word document (.docx) file, and can it be integrated with a web application?",0
000256f123aa2d179519,Does it work with girls the way Hitch Will Smith asks not to dance too much?,0
00027243b612fd34c656,Why India Act 1935 was so special?,0
00028c229b2c0b653c9f,Are there any sports that you don't like?,0
0002911c277ef4279692,How do DNA and RNA compare and contrast?,0
00029d76717deaff60f6,Someone breaks into your house you shoot and kill them they were armed with only a knife what happens now?,0
0002a5d3323091795169,How can I write a biography about Gianni Versace?,0
0002afefccf8ba6bc77a,Are extroverted better and faster at processing and expelling information than introverts?,0
0002b9d73d24af32a648,Have you ever been recognized at a place very far from your home?,0
0002bab68e02485cb64a,Why do price comparison websites work well in financial services?,0
0002c107cf3c31895a5b,Does ragging happen at NIFT Bangalore?,0
0002c3835360dcb57597,Why their are so many bad reviews of Bahubali 2 on IMDb?,0
0002e51174cc70f6c8f7,Is swallowing Listerine dangerous?,0
0002f3b3cfe43608d043,What are the theories in critical thinking?,0
0002f70cd6c744df04fb,"What are the biggest problems, questions, doubts that you come across when trying to choose the paint color for a room?",0
0002f8ab3bf8d179a3b8,How can I get cheap flights in Edinburgh?,0
0003105b9e363b93d2cb,What is China's new chick?,0
000328ae66a708c0622d,How do I send large picture files through an email?,0
0003295da69adf36fd0c,Why doesn't eBay allow the sale of WWII purple heart medals even though they have categories specifically for WWII military medals?,0
00032cb9dab5b4033cc4,What are the characteristics that define isovolumetric relaxation?,0
00032ccff3c5f6fc0d00,How do I work in cybersecurity overseas?,0
00033991dd3302d609e2,Do web developer refer to W3C standard practice?,0
000349b6feabae3f6253,Why has the internet become a problem? Why do we rely on it for everything?,0
00034c0cdb2a9a04be3e,Can we get ITC on charges levied by banks?,0
00034d41fede3435d72c,Where is Muhammed now?,0
0003637c6061714d52a2,What are the services that can be provided by a food testing lab and what are their certified requirements?,0
00038603da34d34f87cd,Is it ok to be solo your whole life and pretend no one exists? Is there such thing as being unwanted?,0
0003888b6173d1b67eda,How do I change the owner of a current YouTube account? The original Owner was let go and I do not have access to change anything.,0
00038db9f9728f7e1775,Are the Archer characters animated based on celebrities?,0
00038ee6bf4553590414,What is the best way to propose a girl without annoying her?,0
0003a067fbf4d02393a2,What can $500 million get you in solar power?,0
0003a1d388c596990438,What are the recommended 2D game engines for a beginning Python programmer?,0
0003a32a4c69db9ba24c,Is there such a thing as teleological pantheism?,0
0003a3c38ffc828004d8,What are some best college for aircraft propulsion(M.S)?,0
0003bc3a60964971ddfd,What countries in the world have freedom of speech on par with the US?,0
0003c2d35a826c62f194,What lead to the Red Terror in Ethiopia?,0
0003cf279e2d16706bfb,What is the best pen at low cost in all sorts of things?,0
0003d2546ef7cfb68592,Do you trust a business that has a Facebook page as its website?,0
0003dd88b54929c683bd,Should we improve our piano skill by keep practicing hard pieces? Is that the most effective way?,0
0003ec83eeb432806fb4,"I wear an insulin pump, and a lot of girls don't like it. Nick Jonas wears one and dated Selena Gomez. Is there difference between me and Nick several zeros missing in my bank account?",0
0003ed83c24563455692,Will Turkey be seperated and give a land to Kurds because of foreign powers like USA in the future?,0
0003f094c836f6fb71e7,R sq. cos-1 when r=18.5 equals?,0
0004186360074b604164,Who sings the song in my head?,0
00041ab3e4fc034848cf,Can Chronicled replace supply Chain?,0
00041ba380e361cefb78,How can you solve this equation… Sin(a*t)-b*t=0?,0
0004205e9c6b9cbde64d,What are the demerits of excellence in academic pursuits?,0
000422c7d78c3664b426,"How many Indians are in Melbourne, Australia?",0
00043c2c68e74328c456,"What do physicists, mathematicians, computer scientists and philosophers think of David Deutsch's 'Constructor Theory'?",0
00043d911af1cfbdb5f3,Why are old scriptures from eastern cultures appear lost in the current culture?,0
000441059c27001eb255,"Can I know my I.Q, even if I hate numbers?",0
00045f3b9fcb27975e26,How can I really make up my mind and get rid of my bad habits like procrastination?,0
00046512985c0996339e,Was there any relationship between Napoleon and Ali Pasha of Tepelene?,0
000467723d6f04760035,Where are presynaptic neurons found?,0
000477ab08d14b6a047d,What ways will a narcissist mother punish her child for going no contact if child goes back to contact with her?,0
000485e6dd4b149fe051,Can I start freelancing after finishing Udacity's Android basic nanodegree?,0
000488ff2dbaa802b4d9,What is the reason why we really need Bitcoin?,0
0004a41beea5f02d85ef,What are some good songs for a long journey?,0
0004a7fcb2bf73076489,If blacks support school choice and mandatory sentencing for criminals why don't they vote Republican?,1
000500e5d543e112707e,What should be added to thrice the rational number -8/9 to get 4/7?,0
0005037036efa7507699,"In a four movement symphony, what is typically the form of the second movement?",0
000525a468b75805135d,What are various stock exchanges?,0
00052793eaa287aff1e1,"I am gay boy and I love my cousin (boy). He is sexy, but I dont know what to do. He is hot, and I want to see his di**. What should I do?",1
000537213b01fd77b58a,Which races have the smallest penis?,1
0005401e50ab76bb603d,"What do the terms Computer Architecture, Microarchitecture and Instruction set Architecture(ISA) mean?",0
000546d4647809387b91,"Are iPhone users psychologically trapped in brand naming and avoiding to complain about very reasonable missing features such as battery life performance, that iPhone lacks while other flagship in 2017-2018 are doing doing much better?",0
00056c4d8c51ad92d3d1,How long is one semester in Ontario?,0
00056d45a1ce63856fc6,Why do females find penises ugly?,1
000585cb79d4fad61fb0,What are the best ways to add flour to a homemade chili?,0
0005893de9a677ad97c2,What advice do you have for anyone who wishes to accomplish what you have?,0
00059fdb387101ce73d3,How do overcome my extreme fear of insects and bugs?,0
00059fe5d7eea7b17e77,What are some examples of durable work gloves?,0
0005a7bae94f5a721613,"2 cars move 6 miles towards each other and then move 8 miles in oppostie direction, what is the distance between them?",0
0005ac1fb4efa2e7f266,What apps do you use the most for work in a given day?,0
0005c5586f8ced327bf2,Can R only take a maximum 100 headers in a dataset? I noticed it will only print the first 100. Is there anyway to change that?,0
0005de07b07a17046e27,How do I marry an American woman for a Green Card? How much do they charge?,1
0005f305899be65ed771,What do companies look for when recruiting expat? Does the nationality of the candidate play a huge role?,0
0005f8861d29aacb4909,Can transcranial magnetic stimulation (TMS) be used to increase cognitive performance?,0
00060eef307e44d35aa7,"But, why did George Washington free his slaves after what had happened in the Revolutionary War? I think he should have",0
0006120a998ee39f3db4,Has the time come for India to adopt one-child policy?,0
000619c09cbb8abcea8c,Can a US embassy deny a US citizen entry into the embassy?,0
000623eb912267110a7f,What should I wear to a 1920s party?,0
00062d609f01adde882c,Why should we test an energy meter periodically?,0
000632a66ce2d0eb5359,What is the best stationery for the home office vs the regular office?,0
00063822d9496e6c1619,Where can I find genuine aviation jobs?,0
00064a6202ac8f744659,Why do nonprofit organizations treat their employees so badly?,0
00066031b0e6063b9783,What is the procedure to invest in mutual fund?,0
0006749b46d9fac9b6c7,What is osn?,0
0006762162ee6102e8ba,What is the most aesthetically pleasing shade of green?,0
000684dc9b810e3484c5,Is it wise to do M.Com (2017-2019) in Calcutta University and start preparing for CAT 2018?,0
000685d7619cd29b567d,What is the difference between a politician and a leech?,0
000688582e3a2059d832,Why does China not sponsor a regime change in North Korea?,0
00068875d7c82a5bcf88,"Why do Europeans say they're the superior race, when in fact it took them over 2,000 years until mid 19th century to surpass China's largest economy?",1
00069d1cac3cfd3c2ec4,Why does the cytoplasm built up inside my lip?,0
00069ea4b91cb234dede,"If I'm creating an app using multiple programming languages, can I use the same IDE?",0
0006a32e24bc29aa5702,"What are the good and bad neighborhoods of Chuncheon, South Korea?",0
0006aa183c4d86daaee7,How was your CPSS/PABT at 4AFSB Varanasi?,0
0006c4b8dcbeccc8ed02,Has someone wrongfully jumped to conclusions about you?,0
0006cdec27ec10525322,How can I start troubleshooting a Hewlett-Packard printer?,0
0006cef484413402be42,Isn't it unfair that only men has military duty in South Korea?,0
0006d421bb5ff8baa03e,How did NSF spinoff from NSFnet helped Sun Microsystem?,0
0006deaf2d3de7d971f9,How dangerous is South Africa for a tourist?,0
0006e38b24fa70b2949a,Have you ever known someone who has drastically changed?,0
0006e88111bf4a918c3e,Why is university of Louisville not listed in QS ranking?,0
0006ffd99a6599ff35b3,Did Julius Caesar bring a tyrannosaurus rex on his campaigns to frighten the Celts into submission?,1
000700a6f0cba0e95868,How will mercury (debilitated) dasa for Simha lagna be?,0
00071a30c053edd69ade,What are the drivers of Globalisation?,0
00071ade809fc7a73a42,What are some people with a high emotional intelligence?,0
000726eb4bf0ebcca8f1,Why do womens (mainstream) fashions change so much compared to mens?,0
00072c4eadfe80d45a4c,What is the cause of magnetic force in magnet?,0
00073b2120522c6bb72c,How are the Nike football towels manufactured?,0
00073ca085d3f2d3d48a,"Who would win, Anizara (Powered Up) from Dragon Ball Super anime episode 121 vs Mystic Gohan (Powered Up) from Dragon Ball Super anime episode 121?",0
00073d32121fb2b83124,Which 4G phone should be best?,0
00074193b630fe1ee9bd,Is it my fault that my teen daughter has bad social anxiety?,0
00075a61a7f7f6badf94,Sunil and Raju are absent today? Is or are? Which is appropriate?,0
00075f7061837807c69f,In what manner has Republican backing of 'states rights' been hypocritical and what ways have they actually restricted the ability of states to make their own laws?,1
00076debbd82860ca33a,"Would Europeans continue to participate in the Arab war for the destruction of Israel and killing all the Jews, if they knew that god himself defends Israel and he will do to Europeans what the Arabs want to do to the Jews?",1
00078617bb9090b1e9cd,How do you start a conversation on Quora?,0
0007a04df07cfffbd57f,Which PHP framework should I choose for a website like OLX?,0
0007ac776554ab510dd3,What do you do as a forensic psychologist?,0
0007adf025f36909b7f5,What can I do to be a better student in school?,0
0007b4c274692e3c64ae,Why does Fortnite lag everytime I’m fighting someone?,0
0007cbd9381647f3b8bf,What are 5 examples of neurotransmitters?,0
0007d02f7daf548678c2,Why are puppies so hyper?,0
0007dfa486fbf6beb840,"Is Jhargram, Birbhum a safe place to visit in winter or there is any fear of terrorist or something?",0
0007f9c2973ff3a3d7ec,How can I discover the one thing to change my life instantly?,0
000809362bf3e0d58a37,Why does my puppy lick his paws?,0
0008304e8c820a60d160,Which is best powerbank for iPhone 7 in India?,0
00083b24297e4e627776,"If an average NFL team obtained a kicker who could consistently make a field goals from 100 yards, would they win the Super Bowl?",0
00083b5c34d0b450557f,Can I kill myself now?,0
00084795e25cb5ddc2fc,How can one earn from trading in derivative market?,0
00084bd3de3fbb2bc124,What are some of the fastest cars in the world?,0
000861ec8c798f929f3c,When can we know God's timing?,0
00087b810447c83e508b,What should I learn after HTML&CSS to become a good Front-End developer?,0
0008819c735204821d7d,Why do Lingayats bury their dead rather than burn like the other Hindus?,0
000892d68b1b103744d8,Is there a therapist who can help me regarding mental health issues?,0
0008d04b7d99d9a4f3c8,What is the remaining useful life for a Honda Step WGN with a mileage of 170000?,0
0008d0a5694cd04caf60,"Do you think it's a sign of progress that Singaporeans are adopting British, American, and Australian accents?",0
0008d4b9f4f900554027,"I'm the DS Pokémon Diamond game, how do you get to the top of Mt. Coronet?",0
0008d70754ce2285a568,How do I create a merchant tracking system?,0
0008d98781f4dc1e3676,What is your life like 5 years from today?,0
0008de6b1e6f9ed1f482,Why do people smoke clove cigarettes if they are very harmful?,0
0008e27768ec30823036,How is Arnab Goswami able to ignore so many defamation cases against him while Kejriwal is being dragged to court everyday on such cases?,0
0008e6b80183d5bb1a29,Which is the best Institute for Big Data Hadoop course in Chandigarh?,0
00090a521c5dcb091f09,What is the clipboard feature on a computer?,0
00091d5329e4e47d7740,What is the best place to buy maths/physics T-shirts?,0
00091e28b6fe65b3d7d0,Does the people who are rich and still claim reservation have any conscience? Why are they given reservation if are rich?,0
00092087b5cd4d0e35ec,"Are there instances of Medieval Latin text being later ""translated"" into Classical Latin (for the purpose of comparison)?",0
000934e6df8834d73416,Which location is the best for an investment in Gurgaon?,0
00093d949dae61157bfa,Both me and my husband are having myopia. I want to prevent our child from this (not yet conceive).is it possible?,0
0009418c618cbc346741,How does it feel to travel 1500mph in a fighter jet from the airforces?,0
0009431c339a3a325136,Which book is good for power electronics?,0
00094853b382cadcb87a,How is it possible to make directory on Linux with size of Megabites? How does it happen?,0
0009627232926d8046c2,"When going to an interview, is it a good idea to wear a black shirt with the suit, or wear the standard white or other light colored shirt?",0
000962a8630247e5cde9,Does every stammering have melodious voice?,0
000970d4f34cd766e987,What are the five types of personal fouls in basetball?,0
000983f5b226cca636f4,"Why are Americans, British, Canadians, Australians and New Zealanders considered to be separate nations even when they all speak the same language?",1
000991ab5fb52c52f21d,Which is best changer for Redmi note 4?,0
0009a8f035c85f8ff09a,At what point do you give up trying to stay friends with someone?,0
0009ab58250f91a042d1,What are the characteristics that define the frequency division multiple access (FDMA)?,0
0009dc24c9049a2bde47,How we can Use new line in vb can you explain with example?,0
0009e4cc52f8c76b9f5a,"Do you want a funeral? If so, what for?",0
0009fcb845bb24de91f4,"If both Honey Singh and Justin Bieber fall from the 5th floor, who will survive?",1
000a0e7d0a0eded925c5,What makes you laugh the most and the loudest?,0
000a1b32dfa3fc274910,Do you have to hold a professional state license to be a mandated reporter?,0
000a2215c5289a703007,What is the worst emergency that has occurred on ISS?,0
000a3f6d08af9526d6f9,What is cost of guru granth sahib Punjabi?,0
000a494ee432d9ce9289,What women feel when she ruin the life of man by falsly accused him for rape/domestic violence?,0
000a58d0813f84a1819a,Who built Fort Louis in Pondicherry a particular name?,0
000a6356c57ff8cd5c97,What is the best Nootropics stack that balances performance and risk?,0
000a7ce3b24ed2a4098f,How hard is it to be accepted to CS MSc at Université de Montréal?,0
000a898069f8ee9c963f,"With the introduction of GST, what is the meaning left of Maximum Retail Price of products as there is one nation one tax now?",0
000a898565e80fe124bf,Why are liberal minorities so voilent towards poeple with diffrent poltical beleifs? Should supporting trump be a sentence to be imprisoned or savegely attacked?,1
000a8cc0959b3e0c1937,Is 1 trillion dollars enough to create the Starship Enterprise?,0
000a8efbcf86702146e6,What are the mating habits of alligators?,0
000a9b3a426f3fc63fe8,How did Meetic become publicly quoted in 2005?,0
000abdbd0a23f13ccfef,"Which is better to use, Avro or ORC?",0
000acaaafe022357b3cc,How old would Neil Armstrong be today?,0
000ad2899aecc8fdd8bd,Why doesn't Telemundo film most of their telenovelas in the United States and not Mexico although the Telemundo headquarters are in Florida?,0
000ad33b966e378f272e,Can you return a new vehicle if you don't like it?,0
000ada01800e6154e6f7,Which is better PSU to join between oil and ONGC? I have been selected in both the companies for the same profile and same pay as is the case in PSUs. Which company should I prefer and why?,0
000adf4573a50193d08b,"What are some of the ""undervalued"" technologies now that you see will make a big impact in the future?",0
000af63eecd62d7b2175,What is the main role of carbohydrates in a human's diet?,0
000b1f4cbc5c238a765d,Can we all now admit that President Trump doesn't really want Congress to pass legislation replacing DACA to protect dreamers?,1
000b354cd565014e2d47,"If you are from EEE branch at Manipal, can you pick up any coding or IT related subjects as minor?",0
000b4c60e741410a51f9,How does website like ohmagawd.com or 9gag.com make money?,0
000b4fcd95ddaad94763,What area some steps that I need to take in my Ph.D. in order to be able to launch a consulting firm right after it?,0
000b5c2bb7bb510f2de2,Can you leave a battery blanket plugged in over night?,0
000b5c5c4efc832a5bf6,How do you feel about relationships with people who are disabled?,0
000b5c707ff6631e2d1d,"Sourcing and procurement Folks, have you used a CRM (like Salesforce) to manage your vendors/suppliers and contracts? If not, then what *do* you use?",0
000b5eb278abb46ace82,What does it mean that my boyfriend of 3 years almost always has 2 or 3 ejaculations without losing an erection when he is with me? It's great. But is that normal?,0
000b73ce7cd1dd030a6c,Where is Srinagar Garhwal and what are the places to visit there?,0
000b90ae1a85f8c987e8,What happens when you are accused of plagiarism?,0
000baf23e1b4781b3d78,Why do people need to talk about their pain?,0
000baf4ea51fa25b7386,Where do I buy best dry fruits in Hyderabad India?,0
000bafba6eb66c389173,"I have a best friend and I want to spend some personal time with him, but he keeps inviting other people to come join us, how do I tell him I want some 'us' time without him thinking weird of it?",0
000bbe5480ee6f164225,How can I install FIFA.18-DUPLEX on PS3 through a USB?,0
000bd158afb93d3e1fdd,What are the characteristics of Performix SST fat burner?,0
000bd9bfae4340454d07,Do icy cold water help pain in hand?,0
000be9066a1ecba545fe,"When will the Gulenist movement stop being falsely accused of crimes it didn't commit, and stop being oppressed?",0
000beceeb5e8b76c2c0f,Is there a time you felt like killing yourself because you couldn't escape an eternal torment of the same thing over and over?,0
000bed38465943ba8a4e,How do you germinate hen and chicks poppies?,0
000bf5f84797cc477c16,Which college majors will increase my chances of getting a high paying job?,0
000bf7c18b05ec543a21,How to download mp3 song with artist photo?,0
000c10d3987148a9943b,How many robots work in New York City?,0
000c2b2bdb6ffb1386b7,What does run app for 30 seconds mean?,0
000c3e93ce7d3c57c62f,Woes mercury and Venuas have a moon?,0
000c40410c118c9e9f17,Can dogs actually cry out of sadness?,0
000c44fe9b2822b25d77,"The American economy is growing under Trump’s presidency, why do people still hate Trump as a president?",1
000c459bf5f51ed1c165,What are the scope of electronics and communication branch?,0
000c5b121137bd829c21,"As of April 2018, what is Barack Obama current up to? How is he spending his time and energy?",0
000c6212d04c658b8ac7,"When is leverage investment (ie., borrow to invest) a viable option?",0
000c651af5d428f4cdbc,Which is the best projector under 30000 rupees?,0
000c6a0c4bb17dd41317,What's the scariest thing that ever happened to anyone?,0
000c6f701e9a2cdd38ff,How do I make a gravitational wave transmitter antenna?,0
000c81c872aa77615063,Is RLE International (Chennai branch) worth for career development?,0
000c939ec7014b7c1d36,Is there a difference between watching videos for knowledge vs reading for knowledge? Which medium leads to the best outcome?,0
000ca6318c971b2fe333,How are we supposed to get these guys out of Spider-Man web ball?,0
000cbf7232baf8039a01,What is an example of Pakkstani-Indian collaboration?,0
000cca91dba673eaaf2d,Is there a chicken breed that is known for producing extra large yolks regardless the size of their eggs?,0
000cd1bcfa93fc5ff7a0,Is settling in Germany easy?,0
000ce2fa8275fdd2286a,Is Trump's speech at the Value Voters Summit a presidential endorsement of homophobia?,0
000d0c95bccf3b3b51fb,"What are + R,-R,+I,-I groups in organic chemistry?",0
000d317a563d0f459560,What is the diff () serotype and biotypes of bacteria?,0
000d3e56ac4ea11b91d3,What component can you use to transition from 5DCV to 230ACV?,0
000d62333158387dc542,"I'm considering to buy a bike, a 1000cc Japanese one. Which is better, CBR1000RR, R1, GSX-R 1000, or the ZX-10R?",0
000d64579fac9793f07e,Which is the most culturally diverse city the United States?,0
000d64a807bdbd25facc,"If energy can neither be created nor destroyed, then how does it even exist (because no one can create it)?",0
000d74a6b9ee0af48902,What is the procedure to get admission in IPU for LLB?,0
000d80ae794a9801c172,How do I win my divorce over my narcissistic ex?,0
000d81e34a8af824dfa5,What would happen if every iPhone ever sold exploded at the same time?,0
000d8833502245f9f83e,How do I redecorate my room without money?,0
000d90007a04604a218b,How much time would it take for China to destroy the whole India?,0
000d90f98fbfa637da92,Is 26 too late to learn programming and make a career in it?,0
000d9de4df8d6a31c248,"Why don't poor countries print more money to use for paying for education, etc.?",1
000da75cfe5924113141,"Who do you like more, My chemical Romance or Elvis Presley?",0
000dae3d986c14c25669,The girl I'm talking to isn't looking for a romantic relationship. Should I ask if there's a possibility in the future?,0
000db4d0223af5dd9c5d,Why do all the people who claim Florida has great weather go silent every time there's a new hurricane?,1
000db7c1b90ffd31571a,Should I factory reset my MacBook or get a new computer?,0
000db9603d16a6d9bb2e,Could the leader of Iran be dead many years ago and the leader of today's Iran is actually a fake leader?,1
000dbe8b37fbca514e70,What are some quotes from Tomás de Torquemada?,0
000dc2a94b31f4094299,Which programming language should I learn to open a software company?,0
000dd21134d66907aadd,Is laser a good option to remove these blavk lines around my nose?,0
000ddb6af0016f66ad72,What are some spicy Italian food recipes?,0
000df7b9f388107d520a,How can low productivity lead to lower incomes in a closed economy?,0
000e08379251d7ec6d84,How can you tell a jerk from a narcissist?,0
000e1599193fa7f1272d,Have you ever run an online background check on someone? What prompted you to do it?,0
000e35c1b068b79818bc,Which software do I prefer good for GST billings?,0
000e3cb28879723bdf08,What is the largest rattlesnake that can be found in Florida?,0
000e48ce4edaaecfa9c9,Do you think we all deserve happiness?,0
000e67648fce55f011be,Why do the Liberals who run schools choose not to have controlled access? The kids in Florida were killed due to an unlocked door.,1
000e6a4eaa936ee491d6,"Among these practices, which do you consider as strenghts that any preschool should possess?",0
000e6a6cc25e7ca35108,How does the society react during your term breaks at NDA?,0
000e852896013d66612d,Do intelligent people ask questions?,0
000e8dca91f77f37ef15,Why do I feel sad watching my parents age?,0
000e95659e8ae0d02e8d,How can I use Python in biological researchers?,0
000e98a799912acba95c,Was Count Dooku a Sith Lord?,0
000e9a4cf5161289f4c6,What led to the success of British efforts to claim the territory where Aboriginal Australians lived?,0
000e9e3c682fadf1660f,Is there any typing app on Bodhi Linux?,0
000eac9224942c693553,Why aren't lives of all animals equal?,0
000ebe82a0fcefa57576,How can I legally use a web link in a court of law if that link doesn't exist anymore?,0
000ed9037bf56f0141f2,What is input subsidy?,0
000ee7cb10ea4d504fb3,How can I create the most exciting essay to read?,0
000f0266e12c3349db07,Why did Pakistan pass the Sikh Marriage Act before India?,1
000f0d292f0a3b0653a1,"What is another word for ""hello""?",0
000f13be742404120762,What’s it like living in the ghetto?,0
000f18c16657fa93937e,Is there a good Christian devotional about dating?,0
000f1b0ea54e4f85d067,What are the main working of big data?,0
000f2043ea1e37c9252d,How can I prevent my septic tank from overflowing?,0
000f217fedc9e372a497,"What does the average survivor of 9/11 and families of the victims think about what really happened that day, esp. fire fighters who were there?",0
000f24553c7779f4d7ad,"When did late medieval middle easterners, near easterner, nomads, and mongols eat their meals?",0
000f2a833d52415d5193,How can the psychology of aging be explained?,0
000f2ab3c3f3d1dc9aca,Which app is best to listen to kpop music?,0
000f3e60cd27ddff29b6,Is our nationalism on social media only?,0
000f457e9308b3f9e226,Where is the best place for window tinting in Greenville SC?,0
000f6283211729f7c46d,Why does the HR guys in my company gives me cold shoulder?,0
000f6be2f3e7c85a817c,What is the process of issuing corporate bonds?,0
000f6e90250058db13f8,What are some useful tips for someone who is starting work at Raymond James?,0
000f74b74811061ef1c1,How did you lose that last layer of stubborn fat?,0
000f80f63b53d75c1bc6,Which engineering branch should be choose to apply for junior scientist in ISRO?,0
000f83fbc0c5271b10c7,What creative jobs can I take up and where?,0
000f89527b907f3ef20f,How do I train my dogs to kill raccoons?,1
000f99673b28ec3cdcc6,Would you forgive your husband if you caught him having sex with his favorite celibrity? If he later says he couldn't control himself as his lifetime fantasy was becoming true.?,0
000fa05b96360b09d918,Can downloading pirated content be considered as a violation of the second precept of Buddhism?,0
000fa15cd1704c36e8da,Why is it that arranged marriages which happened in our previous generation have greater chances of surviving the entire life duration as compared to the ones happening in our generation?,0
000fa20f6b5d34806956,"What is a good example explaining ""Occam's razor""?",0
000fa43c185b0e723c04,Why does life gives pain and sadness?,0
000faa28df1b0202ef7a,How can I tackle obsession?,0
000fb56f821f7b991a60,What are the advantages and disadvantages of Automatic Headlamp On (AHO) especially in two wheelers in India?,0
000fc2131c43a6aeca09,What things doing daily will change one's ecomonic condition and personality?,0
000fec11ee7a68e2ddd9,What is the best way to learn manga drawing?,0
000fec4330297b720414,"When writing manual test cases and scripts, how much detail is too much detail when documenting the steps?",0
000fed754b3e9759b6e7,What are some small yet important battles that occurred in WW2?,0
000ff470e9dc7d79812e,Is this the best time to buy a Kyber token at 1.11$ as of the 16th of Oct 17′?,0
000ff5b77bdf38edd68f,Why did my taskbar stopped responding?,0
000ff84c2bdb76e321ec,What are the best way to answer a question on Quora and get more up vote?,0
000ffff5789ceee45fbf,Can I use images from other blogs just giving credit to the original author?,0
00101521340fbc63fda9,Shouldn't Republicans be given a free pass to run the government any way they see fit?,0
001022d12bfab8d753fe,Did the British parliament just abolish itself?,0
00102c6dfb293c89ef58,How can I apply for TOPIK exam in India online?,0
00103c904de1fe60b3a5,What is better than steak?,0
00103cba47bd1a42f4d5,Dis advantages of education?,0
001041f073bfb86008c7,Is there a way to start a MongoDB server from a mongodump without having to use mongorestore?,0
001045dbd72a861e5ae4,Why do people feel hesitate or humiliate while speaking Hindi?,0
00104d9fed0f1b2ca3a7,How should I prepare for ESE 2019 (civil) if I had 200-204 marks in ESE 2018 and I am in my last semester of college?,0
001050f9841f044bde8a,Ingredio milk shake was harmful to use long time?,0
00105ef0a117c7754288,What are some examples of motion- Without Force?,0
001098c545349ea8274a,What is Transient Voltage?,0
0010acc928245de6f970,What is bass heads?,0
0010af3f927996ec6fcb,"Why is the poem ""Ramayana"" one of the largest ancient epics in world literature?",0
0010b8bd37af629de2f9,"Is there any woman (other than Muslim) who is happy after marrying a Muslim guy, as there are a lot of answers on Quora about love jihad, and all of them suffered a lot after marrying a Muslim guy?",1
0010dd983174c34137a7,How does the chain rule work?,0
0011057dd227880dc19e,What happens when a computer needs to be accessed for an investigation? What tools do the police use?,0
001109746171c9c307ea,Are there many famous polygamist celebrities in modern day Indonesia today?,0
001114dd925872729b57,Which are the best trusted sites for applying scholarships in class 11? I scored good marks in 10th.,0
0011338ac72e50ab8956,Which book is best in British history for graduation?,0
00113c28d51d8fedb274,What is the best free online lecture video site for neet PG and MBBS?,0
00114e32e21f1f7643bf,How good is the Bachelor of Information Technology from the University of Queensland Australia?,0
00115a863d499b21b0a9,How does the rise of China change the view of dictatorship?,0
00115e65770f677c33b5,If it possible to score a good sectional percentile in LRDI by only solving DI questions?,0
00115f7576aa11f88a62,How is the best way to speak English like a British?,0
00116d5fa82130ae3b2c,How can I do scientific research and get published at age 15?,0
00116e2438bb8746297f,Which are the best places to party in Bangalore?,0
0011763babe21a3a9591,Is it safe to invest larger amount of money in online stock market trading in India? If not what would be the alternative solutions?,0
00118ac919436a6a4f58,How much does increasing funding for education increase the quality of education?,0
001190d9b18d54008279,Why do bushfires happen?,0
0011cf7f36da9a2a742b,What are the best ways to clean your Remington Woodmaster model 742 .30-06?,0
0011d60461995abd2c5c,Why do police officers get to go on paid administrative leave before getting fired where the average joe just gets fired? Who negotiated this inequality?,0
0011ecf86bc06b14e00a,How can I become certified in Revit?,0
0011f05559d7a04ae35a,What is the primary cause of Post-Traumatic Stress disorder in the Military?,0
0011f638325960db439f,Is a soy latte a healthy drink?,0
0011fc21004d8d29893b,Why would a deployed Army Ranger ask for a Steam Gift Card?,0
001201bb254c652189ca,Which type of clutch is used in Activa?,0
001213994b375f405bfe,"In psychology, what is compliance?",0
00121f19821256eca5ce,"As an exceptionally or profound gifted individual, which way of thinking is most dominant, verbal or non-verbal?",0
001220e1d599603b8466,How much weight can I stack on top of my laptop?,0
00122f1f19b2d4434d9a,How do I become scientist after class 12?,0
00123d8a45b24c9b898b,"Why if a man who has had me over 5 times. Who we both know are attracted to and like each other, ask why I came when he asks me over? Is he looking for confirmation? When there I stay for 3/4 hours at a time.",0
0012439dc9922b4ef662,How much a new lawyer earns in India? And how many types of lawyers are there?,0
00125c47ee25377049c5,My Samsung Galaxy S6 edge is not being recognized by any PC's or USB flash drives. How can I fix this issue?,0
001260650fca0b3b6843,What would have Stalin thought of the late cold war era Soviet Union?,0
0012607de5388946c2f2,"Which army was better, Spartan or Roman?",0
00128a318c9bae69c512,What should I reply when I ask my friend for a little help and he tells me jocularly that I will have to pay for his help?,0
00128e3fb2407e8da0dd,What are the steps to become an analyst in cricket (be it video or data)?,0
0012b33ee2f20e29bfc8,What are some characteristics of deoxyribose and ribose sugar?,0
0012bba774c13ce9cc9e,Do moms have sex with their sons?,1
0012bcf832eb0d8ee1b3,Is dear Zindagi a good movie?,0
0012d1c7679cab46dd1d,What is it like to work as an employee for Oprah?,0
0012d72ccc14e9329f97,"Why did the Pope say that ""Muslims are a curse to this world""?",1
0012d9af133219e1b370,What is the meaning of relationship with a girl from two year?,0
0012ebc312afe63fcc03,Which MBA program is suitable for a doctor in the field of private practice for over 30 years?,0
001307632a5ccfb0f0fe,Why didn't the Romans conquer Ireland they failed to conquer Scotland?,0
001308fe22177d2c5979,How much money do I need to buy a gas station?,0
0013149f6c49a3bd112b,What is the ladder operator method for determining the energy eigenvalues in a quantum harmonic oscillator?,0
00133ee08b5cc3b60b39,"If XRP doesn't gain mass adoption, what would most likely be the causes?",0
00134ea8067289ad217b,What animals are native to Spain?,0
001367d37bb73f5c0bb5,Can coffee make you more productive?,0
00136ce70824056f2421,Create the most advanced animal ever from currently living or extinct species…?,0
00137a13c7873f46bbf6,Where is a good place for filming time lapse videos of planes landing in Heathrow airport?,0
00138b3457747a7274ee,What are the roles of Royal British Guards?,0
00138c86bf37c140da22,"Excluding online / e-commerce businesses like Uber & AirBnB, what's the best referral program you've heard about or used?",0
00139880baef1e0b7d3e,What was the main reason of conflict between Suhrawardy and Bhashani?,0
0013a124ad120f50d7e4,Can I buy airticket with Amadeus after booking it? And how?,0
0013a1a5d95e750a7c05,Why can't I become a businessman?,0
0013bc848755b882e15f,Can weed be a good antidepressant?,0
0013c534c0445765d0a8,How much is the world worth?,0
0013c80c2c574eebe13e,"If you had to choose between Instagram and Quora, what would you choose?",0
0013e200c87d0df0e449,What is the past form of must have been?,0
0013e5845d851279d615,What are some of the good textbooks for learning philosophical logic for an absolute beginner?,0
0013f652696acac41861,How can we Indians make Sri Lankan people understand that India created and funded the LTTE for the benefit of Sri Lanka itself and India didn't have any ill intentions?,0
001406b747da3e9bba46,What is the best way to consume a lot of educational material?,0
001407d1e10d41769bbf,Can my followers see my anonymous questions? (Since 2017 anonymity changes)?,0
0014203466312aae5737,How does Lady Macbeth plan to kill Duncan in Shakespeare's play?,0
00143146e05399b5f352,Why don't the Gulf Arab post pictures of women in their countries?,0
0014367d617fb78bebb1,How free or democratic is in the USA? What does it mean to you personally?,0
00144cc39182b32d7140,What are the modern superstitions blindly believed by educated masses?,0
00145962517d0096b06c,How can I convince a 6 year old to eat healthy?,0
0014630cb04444f0aac2,What are the disadvantages of using React Native for developing native apps (e.g. instead of Swift)?,0
00147150ab9d03d5238f,What is the mindset and motives of the westerners who join ISIS?,0
00148a87723d5d988a92,How do I become a Delivery partner at Amazon?,0
0014993dba1084051bcf,Who is the sexiest female in the world?,0
0014a0fc6d11cdf9a91f,What happened to LSI Corporation?,0
0014b39cafb14d18529e,I almost constantly feel uneasy. Why?,0
0014b4e71649b951794f,How can I find a government job?,0
0014b857f39294f7d4a5,What is the difference between a split squat and a lunge?,0
0014cb4ffe14aae10a5d,"Where can I download test bank for Entrepreneurship The Art, Science, and Process for Success, Bamford, 2e?",0
0014d3ec37334157ea82,How many students appear for Imucet every year?,0
0014e0200bb280d44ea1,How peoples in India seems hypocritical about womans empowerment?,1
0014e5f03b07bf2a1ff9,What does a certified energy auditor do?,0
0014edac61533ee16e2f,"What really happens in ""flapping/r-voicing"" English dialects when unstressed /t/ or /d/ are preceded by /n/ (e.g. /nt/ and /nd/ in ""winter, blender"")? Is it a nasalized tap [ɾ̃], [nɖ], [nɾ] or just [n] with the /t, d/ dropping (winter-winner merger)?",0
001506059f00dcd93664,"Who are you going to meet, if you go to heaven?",0
0015159fd6d04e51c59a,Why wasn't John Diggle the Green Arrow in Crisis on Earth-X? Arrow S6E7 seemed to conclusively show him taking up the mantle.,0
0015180e5256a2a8d2ec,Do the royals prefer William to Harry?,0
001520c67915547d0dd5,Is it necessary to disclose your salary from the last employer while interviewing in a new company in IT?,0
001552fa2d0f539ba667,How many optionals are there in up pcs 2017 exam?,0
001553af3bcc504208a8,Why is Relational Algebra s the basis for relational databases?,0
001554dbea2fcef5729c,What is the difference between structural breaks and regime shifts?,0
00155a4893a5b19205f0,What's some of the biggest book discussion websites/forums?,0
00157735f6abcfc8106e,When did DeviantArt's fetish culture become as prevalent as it is now? And how can the site moderate this content better without being too tyrannical?,0
001583e5d5aa24fda8d2,On what day are checks being mailed out for July?,0
001586c85a7111e7665f,What kind of therapy can help you forget a memory? Does hypnosis actually work?,0
00159f3f4c3a10024fb9,"Why at times I can sing perfecty and can hit every single note easily, and then at times I stuter when I speak and can't even sing and become out of breathe?",0
0015a0bfd83e1fa30b73,Which black superhero can beat Superman or is as strong as him?,0
0015a1f68b995da44faa,What is the difference between a maverick and an indecisive person?,0
0015a7fe295bf3aa5e97,Why do trading card game copanies pretend like kids are their main demographic when 90% of their customers are above 20 years old?,0
0015b97b99a430fb3717,What different magic does the Lucas sequence have than the Fibonacci?,0
0015cba53efe2d6c40d9,What did you buy on a hunch that turned out to be the smartest investment you ever made?,0
0015e08d95dff9558a93,Can I crack JEE Advanced with AIR 1 if I study one year having good basic knowledge?,0
0015e367aa794e5d547f,How much more political fumbling will it take for Republicans to turn on Trump?,1
0015f2ee7e0a181fe768,What is the most recognizable short story?,0
0015f6db357919f720e8,Does the skin get affected after shaving the hair (skin on arms and legs)?,0
0015fe8cdaeb6f701d3e,How can I use real time database on my WordPress website?,0
00160e2b98f581e21ec8,What are the procedures (FORMS) to be followed to accept loans from director is a NRI?,0
00161181689a550478f9,What if the Indians had been in place of the Red Sox in the 2007 World Series?,0
00161b740203d84cc264,Why are citizens of The Netherlands called Dutch?,0
00162c09fea2168a32e2,Why do so many Asians wear masks?,0
0016357dd00da19897ca,What are the Chinese fortune sticks meanings?,0
0016589b372f1c1eb903,How can I find out the carrier by only using the tracking number in the UK?,0
00165bc540db41eba85c,Why do I love starting fights and making people angry?,0
00166855d7ba34925882,Should I use my brain more?,0
00167522d319f8ac3dee,How does the electrostatic force f revolving electron becomes equal to the centripetal force?,0
001679926f03735b7ce6,How does bikini look like?,0
001686940e8792f83be6,What is a 1969 100 dollar worth?,0
001689a792974397f88f,Why did my clock stop at 3:00 in the morning?,0
00168b9938401250ca20,What is the difference between dimension table and fact table?,0
00168dfb206f15c9d227,How dangerous of an animal is a mandrill?,0
00168feb7d3492a0bea1,What are some ways for a layperson to profit from a country's currency failing?,0
0016974b878d96f4deba,How can certain pro-lifers call themselves that when they believe a woman should die than have an abortion to save her life?,0
0016a47c90ac0b658d6f,How is asking a data scientist to analyze the national economy different than asking an economist to analyze the same economy?,0
0016a66f5e7298df04d2,How can I get Bansal classes sheets?,0
0016b2263ebbe71b2d38,"Aren't religious people afraid that their deceased loved ones are watching them while they're using the bathroom, masturbating or having sex?",0
0016c4f69b19674b9946,How much weight can a toy wooden boat hold in kilograms?,0
0016c7456d44024392cf,Is there a way to report a business review of your business on Facebook? How do you do it?,0
0016f0a816a246aa9c98,Which models does the Chevrolet Caprice PPV primarily compete with? How do they compare?,0
0016f409865edd3db89b,What type of franchise can be thought of in a city like Surat (Gujarat) with a small investment?,0
0016fd702c244fbcbd1a,How do I score good marks in economic application for ICSE examinaton?,0
001704647213a21db886,How does radar guidance for anti-aircraft guns work?,0
00170d2bb5236246a76e,Why was a non-offensive photo without nudity or profanity deleted?,0
001711e6510babb51cb0,Why are Chik-Fil-A's restaurants always so nice compared to most other chains?,0
00171341f9bde0562046,Is there any way to get insurance of damaged two wheeler?,0
0017180f819753460c5c,What are my chances to grab an MBBS seat under 85% state quota in West Bengal with 437 marks in NEET 2017 in a government college?,0
00171cc1cc563babed09,What are some unique live/study abroad experiences that you have?,0
0017209fdc0cb5e057c3,"When he has to go somewhere or take or do something for his sister, he says I can go but when I do 5 min in the car ride he starts a fight and accuses me and says im ruining his day why?",0
001752a54bf15792603e,"What does curvature of space time mean. We know that there isn't a humongous net in space that is curved, so what is it?",0
00175f5e9c85b110614e,Why do Americans prefer just to not show up somewhere rather than face even the mildest of conflicts? (My colleagues and I have noted a growing number of people who skip any face to face meetings without any explanation at all.),1
00176456d6ddced07e7b,How harmful is electromagnetic interference?,0
00176686b72a7ab45980,How can I distinguish between relative scales such as B-flat major and G-minor or C major and A minor?,0
00176fb431dd99a30307,Do we feel our breath?,0
001786289fc5ec772799,What are the reasons for drug trafficking?,0
0017b4475be5b467a34d,What should the normal fetal heart rate be during pregnancy?,0
0017ba49f77d868ac26b,How can shoulder pads protect you in American football?,0
0017c2a0ca8e0154bc83,"My ex-girlfriend and I live in different countries, we are very much in love, and cannot be together for 3 more years. What should we do?",0
0017cee73ad61222e268,What are the similarities between communication and information?,0
0017d84388eecb97d6e3,Which company can I apply in web development domain having 2 years of experience in Cognizant?,0
0017e32a7bbad42e70a9,What happens if I drink 1 can of Monster Energy?,0
0017e916bb2937de4bee,Which is the biggest alphabet in the English dictionary?,0
0017f9c93f9a711d2d89,Who invented the modern portfolio theory?,0
00180060eb68cf37647a,Can we convert heat directly into elecric energy without a cold body?,0
001810cfacde0b098bf3,Is Finix Coin ICO legit or scam?,0
001816e8aa577caa1c29,"How good are my chances of getting accepted for PhD at MIT, Caltech, Berkeley? See comments for details.",0
0018393b368700fbeec0,Is 0.888… equal to 0.999… because of rounding?,0
0018464a32324de08696,Why is India actually called as India?,0
00184a76fb9768e5cfd3,What causes weevil infestations at your home?,0
00184eed4479d8626f91,Why does my boyfriend give me the silent treatment?,0
00188f39b8d814d9446c,What is the history of matrices in computer science?,0
0018a64f224b2322f79f,How do you stop making mistakes when playing chess?,0
0018b18b2554573bfd3d,What is the best step to work as a freelance writer?,0
0018b963fe232a853c8a,Why would you expect to have dilute urine with Addisons disease?,0
0018c2261c15cf6e745b,What is supercharging in IC engine?,0
0018d0484689b7601d8e,Does stiffness attracts load in beams?,0
0018eae4b1abdd7611d1,What are Somen well designed social experiments?,0
0018fca6740fdb664517,"If reincarnation is not true, why do some people remember their past lives?",0
00190455bad14053987d,Why super respectful and successful entrepreneurs who are millionaires or billionaires don't want to be lead in politics?,0
00190731e5d576d93154,Who is likely to be fluent in English: a Ghanaian or a nigerian?,0
0019242decef4a6b684a,Who is objectively the most powerful character in the Marvel/DC universes?,0
0019277e09e3f6072d13,"Why are all of the most popular comments on NYT are against the memo, whereas the ones on WSJ are pro-memo, given NYT and WSJ have similar political bias?",0
00192c62e8f2d71716ff,What does the diet of the mantis shrimp consists of?,0
001931e40f822e197ec9,"Is the term ""linguistic differential"" an actual linguistic term?",0
00193b23b7a2b81c10a2,"Why do so many people decide against Graph Databases? Scalability? Not enough experts? Mostly ""unconnected"" data to start with?",0
0019468bf049ceb43422,What is your opinion on chicken waffles?,0
00194aa2fea77afd7678,What is the best diet for teddy bear hamsters?,0
00194d6ec2f8fa6f08db,Have you ever taken your sweet time imagining a fiction book?,0
00195924fdb4e791e7a2,What is the scope in sound engineering in India and what is the annual income of sound engineers?,0
00196038adf72a1c024f,I just lost a tooth. Why can't I see my new tooth forming? It has been already 4 days.,0
001972a96c587dc56540,Is it possible for a human to think faster?,0
00197e786c9e3254cc81,Will it be helpful if I drop 1 year and appear for it again if my results this year are not good enough?,0
00199a473cba7b54d974,"Liberals are pro-choice, but the choices must be approved by them first. Is this an accurate description of liberals?",1
0019adaf81e8c9b5d0a9,Is it normal to lose your mucus plug during an early pregnancy?,0
0019b9123a19daca2107,What is the value of Sin^2A+sin^2B?,0
0019bf4e4c6ab6ddc350,What do the Dutch think of the Roosevelts?,0
0019c5ad15ffbcf618df,"Have you ever met or befriended a woman who has enough physical strength and is ready psychologically to overpower, tie up and gag an average man in case of being that necessary for her safety?",0
0019c7f5b9264aaae120,What software would you recomend in order to find the posts with the most likes on a Facebook group or page?,0
0019e01b2a7b09d3cb65,Why are South Indian dishes which are prepared by North Indians more tasty than dishes prepared by South Indian restaurants?,1
001a1aca131403debe46,"How much employment does a super yacht represent? How many people are employed and for how long, in sourcing the materials & then building the vessel?",0
001a1f52fc3bde74369b,Which private college is good in WBJEE?,0
001a2b7a4b30db631573,How can I change my last name in California?,0
001a2f88f7748c322831,"What are some practical and possible applications of machine learning in life sciences, ecology, conservation biology, and environmental sciences?",0
001a44b54f34ecb40407,How do you load a black powder rifle?,0
001a4e6d27e6e0d13d53,Should you be able to name specific companies you have introduced to opportunities if no transaction has resulted?,0
001a5b31ecfa71a5a8b2,What is a fiduciary? How is it different from a financial advisor?,0
001a707ca50b058de43b,How can we build self-confidence in Women?,0
001a79064eab17873465,Why do American firms steal Chinese technology?,1
001a9a02f515814d3493,What proves I was born from another human being? I don’t remember being born.,0
001ad6eb5e54caafb002,Can I get MBBS seat in govt medical colege in Gujarat if my state ramk is 641?,0
001ad8b387372b905f6b,Getting a -000 reading from white wire that's tied to the ground bar what does that mean?,0
001add8ec6a6a849e3c9,How long do you think it will take for Quora to remove this question? Closest guess wins a prize.,0
001ae003f36e9436dea3,Where can I purches some DMT in Orange County?,0
001ae2a5d5eebca9dd80,What is the recipe for boiled egg noodles?,0
001ae3890b72b4aeb079,Is paddy a herb?,0
001af72a0bd3e0365665,Do therapists actually care about you like they would a friend or do they care cause it’s their job?,0
001b09db7006fcd8f809,What does it mean if I have a light sensitivity and sometimes my head is in pain and it I feel that it will broke into half?,0
001b0c34a25a7d67cfed,Can I get CSE branch in VIT Chennai if my rank is 28777?,0
001b0e88771dc7995918,Is it legal for a debtor or quit their job to avoid a creditors collection efforts and still claim unemployment in California?,0
001b122adb7d419c5cef,Among all which software service based companies have higher salary?,0
001b1a614d11f9d8d4de,How long would it take for someone to notice if you suddenly disappeared?,0
001b2c881f7214066999,How social networking sites work with opinion mining techniques applied on user comments?,0
001b397cebd9cfe722c7,Are you doing your dream job?,0
001b3c2ff060eee74cba,Why is Jinping the biggest serial religion murderer and rapist leader of the world after Mao?,1
001b436e0fc39672e0c6,How is ammonium bicarbonate used in production of bread?,0
001b4a22ba7778f9c799,Are Jat and Gujjar girls beautiful?,1
001b5f380d62f65ff3ad,Does a box of ammo just explode or does each individual bullet go off like fireworks?,0
001b7ab0d26dbf550b68,What is the best method for determining what your values are?,0
001b8093b284ae1919b7,What is the difference between impression materials and impression compound?,0
001b83155921c51dbeba,Is someone from SCI Graduate Marine engineers (GME) Mumbai?,0
001b981150645928d056,How do animals defend themselves out in the wild?,0
001ba1117b392b96f371,How do I get a job as an ilustrator?,0
001ba14913e56f9657bf,Can California legally require that Tinder stop charging users over 30 years old a higher rate?,0
001bac959ac390848245,"What is the book ""Nothing Succeeds Like Success"" about?",0
001bc4c694738bdd775c,What cold war and its effects?,0
001bcb41db4b1b2ddffb,Why has polythene been banned in our state and country?,0
001bceea34c76d8530d2,Do State Bureaus of Investigation investigate homicide more than the FBI does?,0
001bde3a341075622612,How religious are Tunisians?,0
001be7e35e12f0e69666,"Is it difficult for animal welfare charities to compete against those that benefit humans, epecially when many of us have limited funds to contribute?",0
001bfc5dcf55dc2e655b,Why should you consider taking a train ride from Philadelphia to Baltimore?,0
001c0ebb687d054b01e8,What are Howie Seago's major accomplishments as an actor?,0
001c2f7108f15df7c4f7,What are the risks of bleeding and clotting during early pregnancy?,0
001c3184df991f0114ea,Do animals make noise when having sex?,0
001c40e6ce41d6525e9e,How is it that I can get 6 to 8 hours of sleep before my graveyard shift and still have trouble staying awake for my 7 hours of work?,0
001c444263b3e2bc21b3,What is considered a babyface in WWE?,0
001c473467659b27a143,What are the new topics for research in Human Resource management?,0
001c496c456789c2c952,What are the challenges that Lori Anne Allison has faced as a makeup artist?,0
001c49b41ddfc6df2687,What are some of the most remote areas in the world?,0
001c5124892b192bd07a,Where can one apply for aadhar in bandhup West lbs Marg?,0
001c52bfdf0c2531ba0c,What are objective criteria in evaluating cell's health in culture?,0
001c563eb2f901ccfe1e,What is the salary range of the salary of rich people?,0
001c5a0779025ff57b23,What happens to those who have less than 75% attendance?,0
001c5b40d4a0ab08afe2,"Who is the worst USA president, Bush or Trump?",0
001c5b990bfe99882b87,I have corrected only my exam centre in NEET form do I have to pay any correction fee?,0
001c6650cd1941bf76bc,Do you know about Mumbai call girl service?,0
001c7da69d094a1c40c9,What is the full procedure of cutoff based admission in Delhi University?,0
001c803fb675ae7ec0ed,"What is the longest practical distance that light rays could converge? (on earth, in a standard atmosphere)",0
001c81d39605a7114130,"Why did Captain Phasma give up so easily? I, personally thought that she was going to somehow resist or trick the gang.",0
001c92773afd4fa4f519,What is scope of BA?,0
001c9458075a77efbb20,Why there is lots of suicide?,0
001c9a36430d12f0d4a4,Is it racism what this Australian girl did to me? I'm Asian.,0
001ca58d3f1a109e929f,What do you think about the protests against Padmaavat (Padmavati)?,0
001cae42ecabdac9f4d7,How did we decide that the earth rotates from west to east?,0
001cae85b942c3f9147c,How can I be a great footballer?,0
001cb908f1862e4d0e17,What is the diff between LTE and volte phone in providing facility?,0
001cbffb94301fb31970,Prevent forwarding of your WhatsApp videos?,0
001cd2f944e9c9bad411,What songs should we play during the cocktail hour at our wedding?,0
001cd5e0fbde21f51114,How common is injury due to friendly fire in military operations?,0
001cd9158c7643ba6ec4,Where can I find a free carpet installation invoice template?,0
001cdfc8399334492e7e,"Why do people on Quora not answer my question about gun control? I just want to debate with people who support gun control, but no one answers it.",1
001ce08c98ec582f76c4,Why do I always mess everything up?,0
001ceedd9fd5145f89bf,"When will the US stop supporting Kosovo terrorists (Albanians), who are actually the same as ISIS?",1
001cfc962e236e2f39ad,What 1890s born celebrities were still alive in the 1990s?,0
001d2185838a0729276d,How do sex workers handle and secure their cash earnings?,0
001d270a06cc4b88bfa5,"I have made payment for AA recruitment fee but transaction didn't complete and balance deducted from my bank account and the site is still asking for payment, why so?",0
001d359052c29542d033,I've got 88/200 in MU OET 2018. What branch and rank can I expect?,0
001d483f2ccf2acb0124,Has it become more difficult since 2015 to land a job through the USC MS CS program?,0
001d4b1c09a2fd827c73,What should Indian teenager never try in there life?,0
001d62c04f615ac18171,Is the job market bad for experience holders in India currently?,0
001d7d896eff993e13ff,Would a famous person on social media ask a fan for something like money or iTunes cards?,0
001d81082a5d56053f66,What are Robin Gibb's major accomplishments as a singer?,0
001d874ba189c5e5e43e,Why do Americans need the second amendment? Don't want to start a fight but the right says it is necessary for a democracy and such and why are they so worried about the government.,1
001d8c11e13e34ed537e,What is the budget for new year camping in Jaisalmer?,0
001da585fa112f5c858d,What are the best humour or jokes in the world?,0
001da5913d2e9a57acfa,"What role did Leigh Francis develop as the fictional character ""Keith Lemon""?",0
001da7d54bc8e203c953,Will cars be still around in 100 years?,0
001da927ea21866d311a,Is it true that Chennai is developed because of Telugu people?,0
001db5b7ff986ad7a848,Is it dangerous to have blood in cough in morning?,0
001dbee90b80b316b69b,Why would more people live in one country over another?,0
001df1d605dfda8d83c4,Is Mack 10 blood?,0
001dfa447fc7832fa734,Whatis the difference between a stag and a buck?,0
001e00614ea57296097e,Can I lose weight without eating eggs?,0
001e2cd5ea2976993f8d,Can a restaurant play loud music in?,0
001e353999aef43beb60,What are some cultural taboos in Russia?,0
001e3a56ee27928c1408,"What if I want to start practice after articleship in big 4? If not practice, what are other options available?",0
001e3dd3cd24e70c88c4,What does Europeans think of anti semites attacks by Muslims in their countries?,0
001e49b0dc276f1bb704,How did James Burke become deaf?,0
001e560f0e81317d3da3,Is there any directory for IT professionals in Bangalore?,0
001e564620cebac45a2b,Is it possible to suffer from depression without knowing it?,0
001e5c14dd1a8f9f689e,How can I disassemble .22 double-action revolvers?,0
001e5fa00879db157080,Will you be able to play a co-op games between a Nintendo 3DS and the Nintendo Switch?,0
001e6d407eff16917db7,Why is it hard to download games from the Play Store?,0
001e81182bb42f3f5a24,How do I get cheap flight tickets from Delhi to London?,0
001e934a86900712c024,How can I quickly learn breakdance power moves?,0
001e98bd44cf1984922c,Is there a stereotype attached to people from Sydney’s northern beaches?,0
001ea01df07c548cce9f,Do you think inflation hits rich businessman?,0
001ea2fa120a9a772e07,Can you make more money as an electrician?,0
001eb5a39fa0a3dea419,Why Indian girls have fetish for White guys?,0
001eb75a7cef68f4e75d,"What are some tips to write a summary about ""Until they bring the streetcars back""?",0
001ec413aa3f4a2f579b,Who is the best broker for a new real estate agent in California?,0
001eca5555b70ab163e0,Whats the cleanshot way to express ones feelings to a girl irrespective of the outcome?,0
001eea1cb132908a9067,What are your views on Barkha Dutt switching to NewsX?,0
001ef1285da71edd27ba,Would Twitter hire you if you don't have a Twitter account?,0
001ef2c4d31b3789e104,"How was Swagatham 2018 program by CSA, IISc for GATE 2018 toppers? How people are selected/invited and do they invite only Computer science students or others also?",0
001ef6c475dba489139a,"I get 1st place or otherwise in the top three for hashtags on nearly all of my posts, even with million-post hashtags. However I do not get much traffic from that, only getting follows through following. What am I doing wrong?",0
001f04f8c6c3af508aa2,How can I get market research report on kids apparel industry India?,0
001f075cf2e3201b735f,What are the different types of consultants and what is the qualification to become a consultant?,0
001f1524e85e4eff58aa,What's your favourite?,0
001f22f11492d8763c79,What is the difference in listed and unlisted company?,0
001f28548d64873b98bc,Should I ask any questions?,0
001f30d73ed1a9264511,Which are the best books to read for Indian politics and which tells truth about all the political matter?,0
001f382de00d94877c2c,Does an analog energy meter rotate when the load is off?,0
001f38a9665551cbfc0c,What will people know about Generation Z in 2050?,0
001f4234bd89ec5f8903,Could the modern Canadian military take on Nazi Germany of WW2?,0
001f456432715e83b43f,"If I throw an ice cube into the ocean, what is the chance that I will come in contact with one of those water molecules (from the ice) again in my lifetime?",0
001f4bf62a9347cd2d3d,"Why my Acer Aspire V 13 laptop show me ""no battery is detected""?",0
001f4f3f272816d6bc39,How can I forcibly convert all Chinese people to Sunni Wahabbi Islam?,0
001f54da2c943aa1737d,Can I get a friend from UK or USA?,0
001f5739f5fd67ad262c,What are the requirements to get in Princeton?,0
001f77ebfc529acb9ed1,How are the two types of urban local bodies constituted?,0
001f9180b6616782595f,Did the idea of yin and yang originate in China?,0
001f952e00ecf5d82544,What should you take into consideration when making a Hank Hill costume?,0
001fabd80ba520fe8fe1,Can a Chinese person start a political party?,0
001fbe4a683582df8a47,Why iron is not found in its free state?,0
001fc3a1da8e0508e8f8,How fast will humans die If the sun suddenly turn off and solidify maintaining the same gravitational force?,0
001fc4667f851fac177e,How do you search for and find mass graves?,0
001fca1b841245bf4e7b,Do crime reporters face death threats?,0
001fdc32baad36e6892e,Which is the best elevator company in India?,0
001fe721341ce146c645,Will the end of Net Neutrality help traditional media rebound?,0
001ff239535a9d75271a,Is there any apps for mining bitcoin with paid version?,0
001fff421a1f26881c23,Who was the shortest professional wrestler ever?,0
002000ee4afd7a5f1efd,Which offices or agencies are legally able to arrest a sitting U.S. President?,0
00201293fd3be3499dd3,Who are the major jute exporters in Bangladesh?,0
00201a282665c6dfad0f,Which university should I apply for a bachelor in the liberal arts in Europe?,0
00201b7c10e2b1684ec4,"TUM Masters in communication requires recommender to state that the candidate was in top 20%, why will he do when he wasn't?",0
002022401f088ae5a0f3,"My body temperature has increased slightly, but I don't have any feverish feeling. Is there any matter of concern?",0
002024c88aa44056256c,What summer internships are available for marketing aspirants?,0
00202e4e4fb8c2b3aca3,What are the differences between depression and melancholia?,0
0020422bfcdfa73d2bf7,How did you manage to overcome childhood adversity to become the person you are today? What were the prime motivators during your journey?,0
002047be63273f2d2e78,What is the genetic background in details?,0
002057863c6405e096f9,"If men have a better pain tolerance than women, does that mean they would handle childbirth, menstrual pain and breastfeeding better?",0
00208054da1eb27f53de,What was the historical significance of Mesopotamia's god?,0
0020853e782d27d173fc,Why is it ironic about the meaning of salem where so many people were hanged in the crucible?,0
00208e4f9fad2f1cf9f9,Is it wrong that I love someone I've never met?,0
0020938347b83674aa21,Is there anything called love at first sight?,0
0020a9d9c2f28556a538,Do Akshay Thakre has naag-mani with him?,0
0020c0d48fc14370110e,"This guy tells everyone that he hates me, but I have never talked to this guy. If he does why does he keep staring at me and try to look at me when I’m not looking?",0
0020d78c6e28b90acd41,Where is the answer key of mock test for AIIMS 2018 which is distributed tomorrow?,0
0020e40d0df413e82faf,Why some LG phone tempature get too high?,0
002108331ca718da9728,Can teachers smack students at school in Australia?,0
00210ce013634bc7b445,Why is Aerogel so expensive?,0
002115139b023d1c4580,"Is it ok to walk your dog in the rain, or what are alternatives?",0
00211f86764762d50cca,"What is the plural of ""Mathematics""?",0
0021228d6607e74de36b,"Why do people act like having sex is this amazing thing and everybody else should want to have it? I don't care if people enjoy sex if they're happy, but I hate when they act like my asexuality means I'm either missing out on life or being childish.",0
002156afeba2b96efdfe,How much does it cost to live in Paris for a month?,0
0021827406e229e753d1,"How can I say (and write) ""Are you Tibetan?"" in Tibetan?",0
002187f1616a7e34e5e5,How do you change the wording in a Groupon review that I already submitted?,0
0021892805a645de2363,"If Jorge Luis Borges was alive now, where would he publish his short stories?",0
0021a2392cf121a39298,How do you make sure you are implementing the ideas you get from the books you read?,0
0021b5c11d010546bb44,What is the point of intersection between y= \sqrt {6-x} and y=x?,0
0021c01ad85c33c2434e,What is the best way to report fraud by a hospital or medical practice?,0
0021c28129e9855577ef,Why do people on YouTube disrespect my opinions with fake exhausts on cars such as Mercedes-Benz and Audi?,0
0021d2565fefbc58f2e7,"Do you shower before breakfast, or have breakfast before showering?",0
0021dbf7b024da4c7b3d,"Given a constant volume, does pressure drop as gas is absorbed?",0
0021fcc5bc562f44adcb,What is the name of the bird that lives in gir forest and freezes when threatened?,0
0022053464a8c2cb356a,Is it possible knowingly to stop your own heart or heartbeat?,0
00220a95d2704c34b829,"Doctor injected anesthetic into my skin for minor surgery. I felt a cold rush through my body, but absolutely no numbing in the area whatsoever, I felt it all and it was horrible. Could he have injected directly into my bloodstream?",0
00220e19600c39b443f4,What is cryptorchidism and how is it treated?,0
00220ff216f041d0ab26,Why is education better than business?,0
00221a47834dfe7966d1,Should I really feel that it's okay not to love or respect women?,1
00222221e617b0369baf,Is there a way to switch accounts you signed up with on your Windows 10 PC?,0
00222e960cd49d9986f5,Why did most of the colonial empires come out of European countries?,0
002237699bdd476961d3,"You can swap your identity with anyone in the world but you are stuck with their body, money, house, debts and family forever, who do you choose?",0
0022382dfadbec7105c0,Does buying a graphic card holding laptop damage the laptop's performance faster than that of a ordinary laptop?,0
002245795c50f2043fe5,"What is the Orthodox Christian argument against ""Filioque?""",0
002257f1d944f9ba88b7,How do you know when your boyfriend is bipolar?,0
00225af4343a25be325f,"Economically speaking, were wages higher for men before women entered the workforce?",0
0022818e762ead1984a8,Is the X1 Bike waterproof?,0
00228419dc50c44eb844,What are the most resent challenges in human resources management that need to be addressed?,0
002284840b558e065b03,"What are those kid gang genre movies like The Goonies, E.T or Stand By Me called?",0
002284dd90794d81879c,What are some examples of fables and folktales?,0
0022b04d8437d2898d75,Why is Snapchat popularity declining?,0
0022b0ea865d8c394eb2,What does the chairman of a regional federal reserve do?,0
0022b387a151c3146501,Is Canada a better country to pursue MBA in banking and finance after 2 years of experience in Indian banking system?,0
0022b3b60a6b252f6fd3,What is the colour of methyl orange in limewater?,0
0022bcbe25f17b84b114,What causes itchiness in my breasts?,0
0022c5ac39c249938981,"Can comrades of Quora answer, who are the IAS, IPS. IFS, IES officers that suffer due to their mentally retarded children?",1
0022f66fdbb921993232,"If every other car is autonomous and you had the only non-autonomous car, what would you do?",0
0022fa0c1e4cf381e6f9,How can I start earning after doing my MBBS other than private clinics? Like how to apply for hospitals and what would be the salary?,0
0022fb1bd42f9da06890,What is the best collection of amazing facts?,0
00230872a2becd4b4772,Which are some of the world's most dangerous for activists?,0
002309c07cc9959e6f32,Is it bad for a 13 year old girl to be extremely close to a 22 year old girl if they're not related?,0
00231f314f664aecc302,How can I train a Yorkie-Pom dog to follow my commands?,0
00232e88579f3e067d5e,What are the best running shoes for flat feet?,0
002335c41c0235476322,What is the easiest way to convert cubic feet into liters in basic chemistry?,0
00233c4e4d379154763c,Are there any uses of sports certificates at school level in any interview?,0
00235253bf6d200affc4,How many times has the U.S. Air Force failed to send over court martial records to the F.B.I.?,0
00235520fbc0099e509c,What should I do if I’m electrical engineer but very intrested in mechanical machines & equipments?,0
002357cfc3218a7f9005,What is future of Administrator in Linux?,0
002362eb57ac3c962f96,why do Gopal Krishna Gokhale was considered an important mentor to Gandhi?,0
002370c4314caeb642ea,Where can I buy unique and quirky products online?,0
00237878d85935ef715d,"Game of Thrones, what does Arya find out about Littlefinger?",0
00238b87eeb29a9d84a6,What are some of the foods which should be taken at least once in a week?,0
00239fe97666cfc4c834,What's the weight of undergraduate research while applying for Integrated PhD (Physics) in India? Does not having a research paper published after Bachelor degree deter the chances of getting selected?,0
0023a4abbfdadb9c7ca3,"M.Planning or M.Des, whats better after B.tech in civil engineering?",0
0023b7f5f1c80171363c,What are some of your 'Bakkushan' moments?,0
0023e8fc9d36a1a1d692,Does walmartlabs give new hire stock grants and how does the RSU vesting work?,0
0023ef31653c30d9bcb2,What do you think will happen to Bitcoin 2018?,0
0023f61054eb59e816cb,What is actually happening in Syria with children?,0
002409e1ac34d209f6dc,"If Hispanics are so proud of their countries, why do they move out?",1
00240b36ddeeaba73487,What are the job prospects after doing an MSc in Chemistry or Biology?,0
002422f6f10c9b7c6dc0,What would you name a cognitive automation solution?,0
002428bbab7c0d60962c,Does Facebook record audio on users' devices for ad-targeting purposes?,0
0024296ad0dfc438c6ce,How is pre-ordering considered bad?,0
0024309fbe3a68a0c1e0,Which college I could get with 530 marks in neet'17 specially in UP?,0
00244c27242395f078f4,What is the point of speed limits on interstate highways and nonresidential/city roads? Stationing police officers on these roads seems like a huge waste of limited police resources.,0
00244c40cb3801ef15f5,What are some good tips for ESO?,0
002472cd3175b0abeaf1,Which dog collars are the best to use when training dogs?,0
002478730f724cd42813,Why does Quora have a text limit?,0
0024839018cb7fc74f36,What is the easiest way to get rid of debt?,0
0024a74f79954483a52a,How does the multiple-hit hypothesis explain the development of cancer?,0
0024a7a2b847062cb1e2,What happened in the year 0?,0
0024a9c12525ffeb0230,How do are non-dihydropyridine calcium channel blockers used?,0
0024b4e5fbf310a1872e,How can I cope with my boyfriend being extremely jealous?,0
0024b8399bcf259e6950,A governmental organisation is threatening your life. You have five hours to hide. What do you do?,0
0024ba548e3e3b41654f,What does car mean?,0
0024beb5bbb4b0d7af9d,Do you have a particular kind of music that you listen to when you are sad?,0
0024c55a4de24768af7e,Can I give a reward to my virtual assistants for their efforts?,0
0024eeeeb6f42f9f90f8,What are the admission requirements in Stanford university for an Indian student?,0
002526149557c2184b12,What are some sites on the web that criticise indie films?,0
00252aa6b68b87b6ac0c,Which type of questions may asked to a civil engineer in UPSC civil services interview?,0
002548d626f2cfb447ec,"Are the U.S, sanctions against Iran legal and in good faith?",0
0025533674d2c471b892,What do you think will happen in Seasons 5 and 6 of The Americans?,0
002568bb0c1beea277be,Why do people think it is okay to ask people online advice about health issues?,0
002586ec0b7b51ab4e30,What are some signs that indicate Trump is trying to turn the United States into an authoritarian state?,0
00259bcae404abf62841,What are the harsh truths about Africa?,0
0025a1fd60219911a60c,How is your experience with husky dogs in India? Can they sustain Indian tropical environment?,0
0025a2d865e3c26f97f8,What are the prerequisites to become an assistant professor?,0
0025b2f65c150dce2123,Is it helpful to do mtech with low aggregate in mechanical engineering?,0
0025b4830ca6cfe7e866,"Do you, as a Christian, think that Jews should convert to Christianity in order to be saved?",0
0025c4f839334aae978b,Did Augustus get married?,0
0025e7f20204c98ef838,Are there any theories about how human memory is stored other than in synapses?,0
00260725bbeec41eaea7,Who is paying for the royal family besides the Brits?,1
002624a1a6d19eea5a65,Is queen Elizabeth related to king henry viii?,0
0026284a957ec05a58f0,Why are drain flies common on sewage systems?,0
00262fb9282b3935b46a,How long does it take you to process a cow?,0
00263f2cf793055ea939,How do charities become so huge?,0
00264140abc999bd4be7,"Why are Europeans so ungrateful for America? They'd be speaking German without us and because we cover their military costs, they can spend more on social safety programs.",1
00264a7963de2407fc96,Where do I find the class clowns at Harvard?,0
00264b2bbed6cc8df1f2,Is there a future for us?,0
0026566af1ec7749f8aa,Which city in India has a good ecosystem for developing prototypes real fast and real cheap for inventors?,0
00266719cffa5b43eec7,Is it worth to study in MBA in tier 3 colleges like TAPMI / BIM / KJ SOMAIYA?,0
00267690d6ed59b003e2,What is the lease agreement for Common.com or Ollie.co or Coliving.com?,0
00267daf7881acc08c4d,"Do companies like TCS, Wipro, Infosys give salary during their training period?",0
00267ec73dcc3d626779,What supplements work for growing boobs?,0
0026987cc06fdc85d600,Should we be more concerned with whether Carter Page is a Russian spy and why was he working for the Trump campaign?,0
0026be59ba33680339fd,Is there any sense for native English person to immigrate to Germany from Great Britain?,0
0026d424a107ca74e1b8,Do FL police record any data when they check a citizen's ID without issuance of any citations or infractions?,0
0026e2f3aa8c1582eb46,Do electric cars have gears?,0
0026e44dddf6a376c423,"How do I live on 20,000 a year?",0
0026fe4ede065086039e,What is an impersonal God?,0
002706c108593d2aab3c,How can I avoid my dog from getting wet when it rains if I can't allow her to come inside and there is no dry area available for her to stay under?,0
002734a911eb1abc996d,What is the best way to deal with sex withdrawal?,0
00273ef277d580da66a1,Where's WeChat symbol?,0
00274b1df978f32ccd5e,"Where are the best colleges and why (e.g. free tuition, job opportunities?",0
00275c4a6b589afb34ec,What is the purpose of the siliceous ooze?,0
00275d2e2ad666096389,How do I sell Pakistan? I need lots of money so I decided to sell Pakistan any one wanna buy?,1
00277953a272386a4c6a,Where are the first 10 employees of Flipkart now?,0
0027844ba5e86d4b185d,"The solar system is not a fixed reference frame in the universe, so are we experiencing any time dilation effects due to its movement?",0
00278571328954ce971c,Would thin plated armour with folded leather scales underneath make a good knight's armor?,0
002786662bf15124c049,What are some unique bandeau outfits ideas for teenagers?,0
0027867169577a472974,What the simlarity between computer organization and computer arichtecture?,0
0027b475c77063a30031,What were the most important 5 causes of the Great Depression?,0
0027da8a024d22197a0d,Are you covered by insurance if you die on a roller coaster?,0
0027e606dd7851f96458,How did civic nationalism originate?,0
00280e0511a7202a08d8,What other big investment options with less risk are there in India except real estate?,0
0028116b4f03976eec60,What eventuality are you prepared to survive and would such a collapse be worth surviving?,0
002818285238dbc1cfe0,Why Can't People change Gender physically the way animals can?,0
00281ba728f6243ff7bc,"Why do my Gmail passwords keep disappearing? I'm on a Mac, and all my Gmail boxes are in the sidebar along the left. Every so often, I lose connection to my Gmail boxes, and have to reset all the passwords. I access these mail boxes every day.",0
00282941b43dd3b5724d,What do I need to do to become a great electrical engineer?,0
0028305145adcfebc5b2,Can weed cause cardiac arrest?,0
00283e652adf69e38c72,Are there any types of tooth-coloured fillings?,0
00284426d4737d6af5cf,"Why do I think it's good for a country to have more CCTV surveillance and phone surveillance despite ""human rights abuse claim""?",0
002845db5432b2545748,"How can I notify one of my tweeter contacts about the fact that his account is possibly hacked, since it likes pornographic content, is it possible to send an anonymous message?",0
00284bbdb60c6cdf373c,Choose your least favorite MCU villain. How would you improve him/her?,0
00284fc18b03c771c7ab,Why cant Indians stop comparing themselves with much developed countries and start working on building themselves instead?,1
0028665e184ea6f21093,"Between Armfeldt, Lewenhaupt and Rehnskiöld, who was the best Swedish general?",0
002873fdf551409d36ef,What do psychopaths think about the fat acceptance movement?,0
00287b28f4008d99d768,How do you know if a guy is just sweet and caring or has feelings for you?,0
00288badba20c465d33a,Have you ever cheated on someone's test in school?,0
002891af5753829e9cf0,Which companies in India hire SQL developers?,0
0028a18f4ff93eb89619,What was the most fun you have ever had in your life?,0
0028a1c04b9447f3be1c,What area is considered to be Western Europe?,0
0028a93a17bcd4c3925e,What is the best laptop for everyday use and some light gaming?,0
0028b45e4c89721cf239,Who are bigger the red blood cells or the white blood cells?,0
0028d58135f9c1b5ad8c,What is the significant of logarithm in image processing?,0
0028d91d0ba904ddb7c3,Which area in Banglore is safest for working women?,0
0028f67ccff988aee531,What is the meaning of nudge in hike?,0
0028fd9562805d42a16f,What is the most real thing or idea?,0
00290136e6ddf1846888,What's your penis size? Isn't that funny?,1
002913945566f6cae369,What is the relation between the rotation of earth and changing polarities?,0
00291b7116820990a72a,What is the difference between active duty and the coast guard?,0
00292a335f998311000c,How is Dynamic 365 team at Microsoft IDC Hyderabad?,0
00294e5623ad531ecea7,How do I keep my lazyness away?,0
00295ca6c3703de69220,Which posion can kill human in few mintues?,0
0029691ccc1cd5b4c0c5,How long does a stand-up count take in prison?,0
00296f75eb82f78682ad,Why is my dad unnecessarily harsh on me than when compared to my siblings (I am a first-born)?,0
0029912ec19eab703bc0,Are all anti-missile systems THAADs?,0
00299f37e322934b04d5,Can we have hybrid bike wheels on a mountain bike frame?,0
0029ad686abc23ada02e,How do I win over a married man?,0
0029ba83bc1b0e1094d0,What do you think of Donald Trump's new 'real news' program hosted by his daughter-in-law?,0
0029bbffb6dd7e4a4c86,How was Buddhism an improvement for women in Hindu cultures?,0
0029daf7b78a1a2439d8,What is the largest state in terms of population?,0
0029dbe0d816136e8381,What do liberals think the NRA is? Why do they protest the NRA and feel they are evil?,1
0029e12d6135e4fca53b,How do grown men look in skinny jeans?,0
0029e1a6081858c3d14a,What is the best site to learn basic computer?,0
0029e1a6d511f2993131,What is the background of the Hammer v. Dagenhart case?,0
0029f473270ea5143b41,Are there British actors who have lost their accents either completely or partially from living in America for so long?,0
002a1d04c77b1a0dd329,What would it take for US homeowners to begin putting solar panels on their roofs en masse?,0
002a2836b3db5aa211ec,How would I be able to record clips of TV shows and upload them on YouTube? What tool is best to use? And does anyone know how I could do it?,0
002a2a6d561b730142da,How can I treat a watery discharge after 39 weeks pregnant?,0
002a40f7d1b58ed0bfd0,Do most 11 year olds have bad mums and dads?,0
002a474cf60fda86eb04,Apparently cold showers are good for your skin and hair. How often should I take them? Once a day or twice a day?,0
002a55f78244a4d61adc,How likely is Facebook going bankruptcy?,0
002a5f773783badefe0a,What is the maximum size possible for a thunderstike?,0
002a621639f26e1b653d,What can be revealed throughout the genome of the platypus?,0
002a63a02c4cacb5c592,What do you think of the 100% renewable feasibility evaluation by LUT and EWG? Are there any major flaws in this study?,0
002a6ced017aa96f3d25,Do you really think you could follow through with taking a actual bullet for someone?,0
002a71861570990c291d,"If you inject within the marked areas on this rat, what would you risk penetrating?",0
002a7d20d3ef20111d21,If a venomous snake bites a human and that human is sick and that venom can cure that human but also harm it how would you go by proceeding that medical procedure?,0
002a843c7630b057e45a,Why is it important to amplify a signal before sending it to the recipient?,0
002a9dc409cc2520271e,What can we do for our society?,0
002aaadb57f1f81a3336,Why are the lifeguards necessary at any aquatic facility?,0
002aad678ac2c9ae35b1,Does the diameter of a bob affect the pendulum?,0
002ab0b9fab33f1775d8,What's the difference between multiplication and quantitative percentages?,0
002ab20672f84081804a,"If I delete my Quora account, can I use the same email address to create another one?",0
002ab863fc291e10c241,Is there an intuitive way to understand how Radon–Nikodym derivative is useful?,0
002ad113802bf65b479f,Is South Africa a safe country to visit?,0
002ad2ba6e5d4bc0240e,What is the best route from Houston to San Francisco if I have one week?,0
002aec988a02954bc80e,What is the structure of white blood cells'?,0
002b06352ea8a207eb36,Why can't we stop religious conversions in India?,0
002b06bdb7627105e270,I like to start a business or continue my dad's business. Should I do BBA or BBM?,0
002b20092b4c6c1d97cb,What is the fee for COMEDK MBBS 2017?,0
002b2a4e02f63951851c,What is the best motivation you've ever received?,0
002b43a78f69c768989a,My skin turns dark with any body lotion that I use. Why?,0
002b4d9dce81e0ce8dbd,Why does my mother call me her favorite when were alone but when we are around my other siblings she says she has no favorites?,0
002b4e57043e26ce61c3,What is the best way to tackle the situation where I am earning much more than my friends and they look at me with 'expectations'?,0
002b565ebf9608f3a2a2,Does “t” go silent in ‘it’ll”?,0
002b6ae0795fd7e68077,"Hypothetically, how effective would a mercury filled grenade be at killing enemy combatants?",0
002b7549d23d2a663e73,"Are the syllabic consonants of the Sanskrit varnamala {ऋ, ॠ, ऌ, ॡ} considered vowels or consonants?",0
002b9746d06b9bc4fe6f,Should I buy clothes or a phone?,0
002b9b8a9adec392454a,Which government medical college can get with 320 marks in NEET 2017 (SC Category)?,0
002baeeee2f4a2459ac5,What are the articles that come from a famous journals and their content is to compare tow things and the writing model or writing skill is worth learning?,0
002bb125dc621663ccc5,What would you do if you had total obedience over all living creatures for one day?,0
002bb2a53560cdd5ec64,How do I select the best dental practice marketing agency for dentists?,0
002bbe04773828983406,Who are the best professors at the University of Cambridge?,0
002be7ff290d37116ac4,Which is best Jaypee 62 or MIT Pune for CSE?,0
002bebc8b73c0f245930,What are some important chapters for NEET 2018 for biology?,0
002bfb2388ac2bc1e56e,Do we get foreign assignments in public relations?,0
002c02ccd1de5779c666,"If Britain revokes Article 50 now, would the value of the pound go up? If yes, by how much?",0
002c1e5b0eb68bf094cf,My Apple radio keeps surging whenever I turn on the radio. How can I fix it?,0
002c2fc7ac1e47a10ecc,Which field of work does India have the least members?,0
002c382f27f61338f30f,What parts of your job are fun?,0
002c4d82ad6ac30768ed,How does a business-major student incorporate an international dimension to his/her undergraduate education?,0
002c53697c04e32faaa5,How well would have Ike Ibeabuchi done in boxing if he didn't have his career damaged by legal issues?,0
002c5542df395acdfd15,Can somebody guide me about purchasing an exercise bike for home? What are some good models in the range of rs. 4000 to 7000 with features?,0
002c5ea23269c736c458,Why do people find pleasure in enemas?,0
002c8099319e6137d43a,Which football should I buy?,0
002c9ee245e7635e18cd,"What were General Walter Bedell ""Beetle"" Smith's major accomplishments?",0
002cc1be747e9ee652f9,Is Kenya safe foe residents?,0
002cc47606117ade757e,What are some good examples of suspension in chemistry?,0
002cc55c2a3d3c8687fc,How profitable is the car leasing business post GST?,0
002cca0ba3c0ac801c09,What are the best plants for increasing indoor air quality that are easily maintanable?,0
002ccae3aaff8ceb36cf,What is the biggest fear of newly retired people?,0
002cdfcc3c178ed42dc5,Can we move outside after midnight in Kota just to swing our mood?,0
002ce185cf563db59f97,Which presidents since Kennedy has committed the most crimes?,0
002ce8dcc009e9cf977a,Why do people in Beijing put a traffic cone next to their parked car?,0
002ceaa7676d193ee892,What is the experience of an Indian-American going to India for medical school?,0
002cfeb83edd0a47785b,Does it make sense for a container component to render several presentation components?,0
002cff96645f9872df6d,Why does Ronaldinho looks like a girl?,0
002d05491a0e558a0d15,What companies sell non-branded high quality smart casual clothes?,0
002d0d901b7b43f509a8,Who is the present education minister of Karnataka?,0
002d2d8792d0f1cc78e3,"In videos of North Korean military parades, they march with what appears to be a very exaggerated goose step. Is this their normal marching step?",0
002d403c990fbf97ca55,Who are often unsuccessful to catch their prey?,0
002d5fb6a34bcaf6ec57,How soon after WWII was a right-wing political party founded in Germany?,0
002d7b3a148fcd42a7c4,"My boss watched porn on his work computer, how can I get him to stop?",0
002d9b516ded0aa4f077,What is mostly imortant in being a doctor?,0
002d9f5bbca6ad1a681a,How tall do your parents have to be for you to become 6 feet?,0
002da217f3dca3980a22,What steps I should be taking if I am having an idea about a product that can solve the problem that sportsmen face?,0
002db12ea20bbd373044,What are the most effective strategies that startups are using to reach out to target audience other than paid ads and blogs?,0
002ddc5109b475780e6e,"If the devil really exists, what is currently working on?",0
002e17ccf847c10a54ac,"Why does my grandmother call wrestling ""wrastling""?",0
002e18f620ff218a8fe3,Why do I have sudden intrusive thoughts about being in pain?,0
002e59231342d69c0fcc,What are some good and unique crochet scarf patterns?,0
002e5b8a6ea8b35624c3,Is Brian Griffin a good role model on Family Guy?,0
002e5e509a6d4daa9576,"Frequently, part of my legs starts getting very itchy for no apparent reason and usually there will be an isolated hive/bump or a heat-rash-like condition. Does anyone know what causes this?",0
002e63e4739922bed856,What is difference between a gene and a allele?,0
002e7fa4cf296b1fbdf8,What are the uses of face oil? Which face oil is good for dry skin (I have extremely dry skin)?,0
002ebf1deece74df856a,What are cons of surface mining?,0
002ec6a4ac4d6470d9a4,What are some great places according to you to travel solo?,0
002ecb825db10a1e92e7,What pleasure is there in keeping snakes as pets?,0
002ee349bd33864f52aa,Can you get sick from old water?,0
002efb165aa535bb5b8f,Has it ever happened that you lost your faith and belief in God?,0
002efc55573609a33209,How do I find out the password for my Elite paycheck plus debit card if I haven’t set one up?,0
002f01e846eb9fa26cfe,What are my chances at 1370 MP state rank in NEET?,0
002f0c459fa13a26d6a2,What are your favourite before and after sentences?,0
002f1fa8eea6dc7aa5eb,"Since Sasuke and Naruto are the reincarnation of Indra and Ashura, are they brothers?",0
002f24706466f4a0b79a,Can I do genetic engineering after doing chemical engineering?,0
002f259ada6155f2749d,"Why is it that the phrase 'the dead of night' makes sense, but 'the alive of day' doesn't?",0
002f4175edfbb9228462,What are the job opportunities after doing MA (economics)?,0
002f49bb671828d9e7b8,Which player had the greatest performance in Super Bowl 2018?,0
002f647f87e8f4c349de,What is something that never needs to be said?,0
002f82e9aea808c4c6c2,What is wrong with BJP in Punjab?,0
002fac6e44e4b3506921,Shouldnt there be more women in IPS?,0
002fb3253a823ca86641,Could the president sign an executive order banning the NRA from making campaign contributions at any level?,1
002fc06bb7239bc51430,"Where can I find abandoned places in Campania, Italy?",0
002fc471687484289521,How does Lyft track who I am after deleting and reinstalling their app?,0
002fcf75d13df8ed45e5,Would you die to save your loved one?,0
002feef1371addbc1392,Did you by any chance go to a naval school?,0
002ff88666fb2cc4fb61,How many agni 5 missiles do India have?,0
002ffebf02534b00b670,Are Mughals descendants of Genghis Khan?,0
0030232e168bdfeff811,What is the best city you have ever visited in Turkey?,0
00303207fcb396ce6840,What are the best lifehacks for hairs?,0
00305d75b92df295e986,"Will America's current ""civil war"" go hot and if so how will it go?",0
0030741fda121933b82b,How can I improve my high kick technique?,0
00307c36b0c9debaf715,What are the functions of amylose?,0
003080e4f4063c82a2e8,How much does it cost to build a professional basketball half-court in France?,0
003088e3b398a801f221,What will happen to Bitcoin when power goes out for weeks across the world from a CME?,0
00309392719aee62ec39,Are motorcycles in Toronto highways exempt from the speed limit?,0
003095e45e5474919dc2,How can I learn making a stop motion whiteboard video (like the video in the link) and does it take so much time to make one?,0
0030a7853565d57c4450,"Today, my friend came up to me at lunch and said “this morning I started my period and I have cramps”. I just went “um I didn’t ask…”. She said that it was weird that I was uncomfortable when she told me. Was my response the correct one to give?",0
0030d3e3fbef52753ac7,What are the parts of a nucleus?,0
0031019f0dd75b0d1ddb,"A new software developer insisted to use kubernetes for a backend project where no developers in the company have experience in Docker and Kubernetes, as the CTO, what should I do?",0
0031052210a35f3d7bcc,Dating is boring for me. Am I the only one?,0
00310a0b32e57e23b716,How was early Christianity practiced diffferently than today?,0
003117da7a5c13ac1e70,Why is my stream pixelated and choppy?,0
003124297ed5210ccd38,What would have happened if Indian subcontinent had stayed together?,0
00313fa73b480db2f5aa,"How do I make a girlfriend in Bangalore? I work in IT, have sufficient money, and I am good looking. And No girls at workplace.",0
003159153e176da7d3f7,"What are the personal benefits of giving to charity, other than tax breaks?",0
0031781e410a9bc36802,Is there any organisation/club in Pune which helps to appear for the Ham radio licencing (ASOC) examination?,0
003179957f5810266dde,Why Chinese people are always not welcome in all countries?,1
00317dbdbcc7414b6942,Why do clouds look solid from the ground?,0
003188056b38bd50d5e0,Is Frieza a man or a woman?,0
